"1","吴斌","1","医学院",\N,\N,"/media/50/2006_1.jpg",\N,"这个2002级的男孩给我们贡献了一种新型创可贴，这片小小的膜状粘贴带给我们的不仅仅是疗伤方式的变革，而是一场思考方式的革命。如果吴斌折服在“邦迪”的脚下，注定“纽绿特”难以问世；如果吴斌没有经过夜以继日的努力，“纽绿特”可能仅仅是几项专利拥有者的代名词，很难走上产业化的道路。这一切都源于他坚定不移的信念：年轻就应该挑战。","2006"
"2","Forward","2","",\N,\N,"/media/50/2011_2.jpg",\N,"  这是一只少年得志的队伍，春风得意马蹄疾，一朝看尽长安花。XXX他们目光如炬，勇敢前进，斩获国际创业大赛冠军、获得国际风投的青睐。成为中国第二个夺魁的大学生团体。XXX创业的路上，他们翻山越岭，披星戴月。XXX 珞珈山的梦想感召了他们，他们把武大的名字告诉了全世界。  ","2011"
"3","曹祺","3","",\N,\N,"/media/50/2008_3.jpg",\N,"在编码复杂程序的过程中解码人生的真谛，简单的字母与数字的交织里透析着生命的指令。沉醉在代码的世界里无法自拔，世人笑他的痴与癫，更困惑于他的疯与狂。全身而进却毫不盲目，华丽的代码，低调的人生，缜密的思考，冷静的生活。电脑是他最大的舞台，键盘的敲击成了最动听的旋律。宁静致远，纯粹的工作里是人生唯美的升华。","2008"
"4","李创","4","经济与管理学院",\N,\N,"/media/50/2006_4.jpg",\N,"对于担任学生干部的李创而言，“风云”不仅意味着毋庸置疑的才华、灿烂耀眼的荣誉光环，更意味着一种破旧立新、突破樊篱的勇气，一种肩担责任、一语千金的果敢。在李创所策划的各种活动中，无论是“梦想五大，挑战青春”综合大比拼，还是“模拟职场”精英挑战赛，频频闪现的创意和亮点都让我们眼前一亮。他一直以创新的标准要求自己，没有最好，只有更好。年轻，就应该勇于挑战！","2006"
"5","麦晓明","5","动力与机械学院",\N,\N,"/media/50/2008_5.jpg",\N,"不再平庸的现实中沉睡，他有一双孩童般敏感的眼睛，如漆的眼眸里不是深邃的夜空，确是生活得惊喜。拥有发明成果23项，其中15项发明成功申请国家专利。生活宛若他手中的魔方，层出不穷的变换中总有意想不到的美丽。他是发明大王，更是开朗阳光的学生会主席。无处不生活，无处不发明。灵动快意的过往里，演绎匠心独运的传奇。","2008"
"6","海尔兄弟","6","",\N,\N,"/media/50/2009_6.jpg",\N,"拥有包括19项国家专利的25项发明成果，这两个自称“海尔兄弟”的工科男生，一个来自“天南”，一个来自“海北”，志同道合打造了他们之间独特的默契。他们虽都颇具“发明狂人的潜质”，却依旧不乏生活得情调。口琴、厨艺、合唱，对于生活细致入微的理解，给予他们源源不断的灵感，奔走于任何道路都能诗意地栖居。","2009"
"7","韦凯腾","7","",\N,\N,"/media/50/2010_7.jpg",\N,"   源于生活，于细微处见精神；用于生活，在实践中展身手。XXX来自南洋的他用一百五十四项发明，以三年的珞珈旅程，或浸于古典水墨之中，抑投入当代科技之内，异想天开，脚踏实地，想他人所不敢想，做他人所不敢做，让独自在外探索的人生凯旋，见熠熠不息的创新升腾。","2010"
"8","谢梦非","8","",\N,\N,"/media/50/2012_8.jpg",\N,"    他用一瞬的灵感，九小时的实践，为我们创造“妙手”、指路武大。面对求助他几乎来者不拒，面对赞誉他淡然处之。众人口中的实力超群的大神，自己心中的闲散无争得凡人。仅凭“有趣”，他缓步路上，灵感无穷、动力无限。XXX谢梦非，用自己的才能，创造风云的意义。","2012"
"9","杨硕","9","国际软件学院",\N,\N,"/media/50/2012_9.jpg",\N,"    一位软件工程的大四学生，运用他的专业知识切切实实地帮助了渐冻人症患者。XXX 长路漫漫，一丝努力便是一份温暖，他带领一个团队上下求索。信念坚定，如方且直的磐石；努力卓绝，似韧如丝的蒲苇。比“国家发明专利”更宝贵的，是患者能被倾听心声时的那一丝喜悦。XXX融化疾病的坚冰，他宣告了即将到来的春天。","2012"
"10","邱驰","10","",\N,\N,"/media/50/2012_10.jpg",\N,"小灵感点亮大生活，荣膺业内最高奖项，2012年德国红点见证他的辉煌。奔波台湾南北，一千只彩绘候鸟传递他的爱与温暖。关怀清洁工人，心系务工子弟，他行走在设计与服务的探索之路上。他对生活饱含热情，他把热情融入作品，他用作品告诉我们，灵感的力量，足以激荡风云。","2012"
"11","杜雨","11","经济与管理学院",\N,\N,"/media/50/2012_11.jpg",\N,"    多项奖学金，多个学生团体领袖，这是他学习与实践的巧妙平衡。两届挑战杯获奖，李嘉诚基金会未来商业精英训练营的一员，实习于摩根士丹利，只是他为理想奋斗的最好佐证。XXX 生命不息，奋斗不止。珞珈精英之光，为商为贾之志。秉承武大精神，汲取珞珈风华。XXX 杜雨，他为自己的人生掀开风云的一页。","2012"
"12","赵小亭","12","电气工程学院",\N,\N,"/media/50/2010_12.jpg",\N,"她用有限的人生，诠释着无限的无限的事业，把青春的芬芳，散发在连绵的群山中；孩子们记住了一位永远年轻的老师，也记住了“志愿者”的深刻含义：每一朵玫瑰都能昭示春天，都能展现世界的美丽。笔下有文采，豆蔻短长皆华章；胸中藏天下，热血柔情亦芬芳。","2010"
"13","陶孝芳","13","",\N,\N,"/media/50/2008_13.jpg",\N,"陶孝芳，作为《珞珈心源》社长兼主编，她用心写爱；大学四年无偿献血三十余次，她践行大爱。爱，贵在全力以赴，贵在持之以恒。 血浓于水，爱与奉献让她更美丽。","2008"
"14","大山里的魔法教室","14",\N,\N,\N,"/media/20/2016_14.jpg",\N,"一年半的时间，30余万元募得的资金，6间“魔法教室”，2000余课时志愿授课，2406人收益学生。是他们教会大山里的孩子以梦想，爱与感恩，是他们给孩子们打开又一扇窗，是他们给公益创业增添了又一种可能。他们相信，只要热情和坚持，梦想终会花开。","2010"
"15","李可欣","15","",\N,\N,"/media/50/2009_15.jpg",\N,"她想让每个孩子都有一个幸福而完整的童年，于是她在每一个留守儿童的心田种上满满的太阳花，让留守儿童们能够感受最深切的温暖。她从中真真切切地懂得了感恩与爱，以及人生的价值，活着的意义。桃李不言下自成蹊。善良，慈悲在这里上演，人性的魅力震撼了汲汲于世的观音，顺着生命的河流行走，无论未来怎样，她始终面朝春暖花开的远方。","2009"
"16","张云华","17","艺术学系",\N,\N,"/media/50/2008_17.jpg",\N,"系学生会主席，首届湖北省大学生创意企业未来之星选拔赛策划者，《珞珈青年报》总编......她有着长长的一串头衔，但最特殊的身份莫过于“四川绵阳人”了。2008年的大地震吞噬了生她养她的土地，却没能摧毁她的意志；她四处奔波，组织多次募捐活动，参与家乡重建。灾难后我们该如何面对，她给了我们答案。所谓自强，大抵如此。","2008"
"17","“爱的传递”团队","19","",\N,\N,"/media/50/2009_19.jpg",\N,"一百八十小时的高强度工作，一个寒假的实地调研，一个学期的图书募捐，一切艰难都只为了一本书的承诺。他们试图带领那些深受地震创伤的孩子们走出阴霾，试图给那片沉重的土地灌溉新的活力，当爱已成习惯，当付出已成收获，没有值得与否，生命的价值从来不是用交换来体现的。大爱无言，大音希声，他们以信仰的名义书写人生的书本。","2009"
"18","高大山","20","",\N,\N,"/media/50/2009_20.jpg",\N,"非凡源于坚持，卓越始于责任。仅凭一份对爱的执着追求，对真的热烈期盼，他怀揣着绚烂梦想与坚定信念，在最崎岖的山路上的山崖上牢牢牵起孩子们求学的小手，在艰苦贫困的村落绘出真善美的爱心轨迹，路漫漫而毅力坚，途遥遥而意志强。高大山，秉着一份善良与真诚，端实与稳重，与我们一同见证见证义无反顾的大爱飞跃！","2009"
"19","学雷锋小组","21","",\N,\N,"/media/50/2011_21.jpg",\N,"从“红马甲”到“红袖章”，到“小红帽”，从单一的“便民服务”发展到多位一体的服务体系。有这样一群人，他们一直在坚守着这束光亮，擎着这盏微弱的灯，穿透生命的迷雾，照亮着幸福的渡口。他们不求为他人拧多少螺丝钉，补多少车胎，也从不曾细数究竟帮助过多少人。他们只想用想用24年一直做着“小小的好事”的坚持告诉世界，只要我们在这里，温暖就一直在这里。","2011"
"20","窦晓龙","22","经济域管理学院  ",\N,\N,"/media/50/2011_22.jpg",\N,"大经，大管，大器，向上，向善，向前。珞珈精英之光，为商为贾之志，闪耀于全国冠军，20万奖金，6家名企实习。大爱无疆，从微做起，坚守于同窗情促就业，一年大别山支教，787小时志愿服务。筚路蓝缕，修身齐家，开拓于校级学生组织领袖。闪耀光芒。","2011"
"21","王峰","23","资源与环境学院",\N,\N,"/media/50/2010_23.jpg",\N,"两度参加世界脑力锦标赛，一拳打破四项世界纪录。由对记忆领域从未接触到成为世界记忆大师，信念至坚终见得风光无限，踏实至诚总是由执着铺路。夺得冠军之后，渴望着团队协作，致力于系统研究；一天一天，一步一步，是苦修，也是乐趣，是长征，也是飞跃，是记忆，也是未来。“相信梦想，就有奇迹。”","2010"
"22","袁文魁","24","文学院",\N,\N,"/media/50/2008_24.jpg",\N,"对梦想，他不懈坚持；对生活，他诗意栖居。贵为中国仅有的十名“世界记忆大师”之一，他以淡治自守，苦守一份大师艰辛成长的寂寞，苦守一份功成名就后的洒脱。他创造人类记忆的奇迹，却不相信命运会有奇迹。突破就再坚持的最后一瞬，梦想就在坚持的最后一瞬，梦想就在坎坷道路的最后一个转弯。天道酬勤，有一种记忆，叫刻骨铭心。","2008"
"23","陈铭","25","法学院",\N,\N,"/media/50/2010_25.jpg",\N,"洋洋洒洒，激辩群雄，笑傲中原四野；秣马厉兵，十年尝胆，问鼎狮城之巅。凌厉不失沉稳，激情不乏儒雅，他拥有一个辩手的最高的荣光，他关怀百年老校的血脉传承。","2010"
"24","彭飞宇","26","",\N,\N,"/media/50/2011_26.jpg",\N,"有直指洞穴的辩场凛气，也有感叹雨后彩虹的平日温柔，属于他的辩论姿态，是属于他的人生笔记，没有夜夜仰望苍穹，只有日日埋首琢磨。他以他的执着向每一个观众传递欢乐，智慧，激情与希望。","2011"
"25","徐卓阳","27","新闻学院",\N,\N,"/media/50/2007_27.jpg",\N,"四年金秋辩坛，他扬眉淡看漫天烽火；三界最佳辩手，他一路走来诸多坎坷；第三届古典诗词大赛，一曲《阿房宫赋》，几多凄怆骊歌。他以情入境，以心动人。特等奖也许是偶然是幸运，然而对朗诵，对诗词的执着却是一如既往。全国校园金话筒第一名，华中新闻先生之荣耀，他以所学所感，关注社会热点，为无为尽管拍案而起，二体坛网资叫屈呐喊。朝闻道，夕死可矣。他乘承入世观念，颇具东林遗风。他努力臻于歌竟长叹息，持以感人多之至善境界。","2007"
"26","肖函","28","法学院",\N,\N,"/media/50/2006_28.jpg",\N,"辩手往往以犀利尖锐而著称，而睿智的肖函在辩论中给人以理性而幽默，清新而自然之感，她用自己的方式告诉我们，辩论不一定是唇枪舌剑，也可以是理性的娓娓道来。","2006"
"27","杨子江","29","新闻学院",\N,\N,"/media/50/2008_29.jpg",\N,"辩坛的宠儿，珞珈的骄傲，他是新闻先生，他是全程最佳。儒雅之中，尽量锋芒，侠骨柔情当仁不让。于青涩处一路走来，在付出与艰辛面前他却甘心做一个灵魂的谛听者，在汀芷中央，他信步自守，远播芬芳。杨子江，用一份武大辩论人的自信与成熟兑现一种睥睨险阻的淡然与刚强","2008"
"28","张培琳","30","新闻学院",\N,\N,"/media/50/2011_30.jpg",\N,"笑颜如花绽放在她的唇角，玉音似水流淌自她的心闸。端庄大气辩论风采，挥洒自如主持姿态。我们惊叹他身上无数的“奇迹”也感知到她背后独一无二的强大力量——守候梦想，期待光明。张培琳，培植呵护心田间柔软绽放的理想化多，收获满载菁智莹润的美玉。","2011"
"29","周锴","31","哲学院",\N,\N,"/media/50/2006_31.jpg",\N,"年轻的人文爱乐之父--周锴，以其哲学院院博士的头脑指挥着人文爱乐合唱团，并用他自己的执着塑造了其独特的艺术家形象","2006"
"30","人文爱乐（团队）","32","",\N,\N,"/media/50/2011_32.jpg",\N,"他们用歌声解释玄妙的道义，他们用歌声阐述灵魂的深度。从金秋合唱的专场舞台都与省歌爱乐合办的音乐会；从唱响香港大会堂音乐厅到问鼎釜山国际合唱节。点点滴滴，日复一日的积累，使他们可以不断在更大的舞台上放歌。悠扬婉转的声音将武汉大学唱响在国际合唱的舞台，也最有力地诠释了他们的名字：人文爱乐","2011"
"31","胡启明","33","",\N,\N,"/media/50/2012_33.jpg",\N,"一把朴素吉他，两届摇滚盛宴，三张精美专辑，他让世界听到了武大人自己的音乐。《珞樱2》的优美旋律满足了你我挑剔的耳朵；七小时的摇滚狂欢让所有现场观众如痴如醉；一买专辑的善款是他用音乐做公益的最好诠释。他说，他做这些只是因为坚信，Music can save the world.十大风云学子胡启明——乘音乐之风，踏梦想之云。","2012"
"32","《梦影长空》剧组","34","",\N,\N,"/media/50/2007_34.jpg",\N,"戏剧人生，台前留香行板，台后苦尝秋霜，梦思天马行空的艺术异想，脚驻背云流光的攀援石踏，崭露头角，珞珈奇葩。泪水，汗水终于成就了《梦影长空》剧组的长空翱翔。从第四届“未来影象——亚洲国际青少年作品展映”最佳编剧奖到武汉大学第十九届金秋艺术节之原创作品文艺大赛一等奖。一次次的载誉而归，见证的是他们对最初的梦想的执着。好剧似红颜，磨难过后是春光。那一句“天空中没有留下任痕迹，但我以从中飞过”将承载着他们展翅的梦想直冲云霄。","2007"
"33","李英男","35","物理学院",\N,\N,"/media/50/2008_35.jpg",\N,"他穿梭于多个世界，走访与各种心情。在别人的故事里思考自己的人生，将自己对于生命的领悟注入每一个恰如其分的角色，这边是他苦苦追寻的乌托邦。与戏剧结缘，若只是一场美丽的邂逅，那一面之缘，竟无法割舍；若不是他精神至深的陶醉，怎会给人荡气回肠的怀想。舞台之上，他是戏剧精灵；舞台之下，他有如火的青春。","2008"
"34","吴倩","36","艺术学院",\N,\N,"/media/50/2012_36.jpg",\N,"清新丽人的邻家妹妹，天真无邪，所有美好都为她附丽；耀眼夺目的演艺新星，镁光灯下，聚焦着她的无尽可能。也许是惊鸿一瞥，却早已在脑海中挥之不去。她带给我们的不只是一张照片一部电影的清新青春，更是无言的真实与感动。不在等候时间选择自己，而是自己主动选择未来。倩影佳人，不负韶华，迷醉江城。","2012"
"35","李丹","37","",\N,\N,"/media/50/2006_37.jpg",\N,"这是一个在男性主宰的电子世界中奔跑冲锋的勇敢女孩，她的勇气不仅仅是在每一场游戏中斗智斗勇，战胜对手，突出重围，更重要的是，她能以自信和坚韧带领珞珈山下的电竞爱好者一起奔跑，把爱好变成追求，把压力化为斗志，使电竞这个小众的运动从角落走到阳光下，如青春一般绽放得绮丽多姿。","2006"
"36","张墨翰林","38","文学院",\N,\N,"/media/50/2010_38.jpg",\N,"文理双雄，重责在肩，书写九天风雨；翰墨英才，挥毫泼洒，但求字字珠玑。年少有为，他们在国际，国内多项书法赛事上披荆斩棘，当仁不让；壮志凌云，他们创立了“珞珈英才书画中心”，从体制形式上扛起了弘扬武大学子书法风貌的大旗。张翰墨林，他们用纸币重塑了当代文人的风骨，为日渐刚性的湘园注入了儒生士子们的雅致，温和与从容。","2010"
"37","罗希","39","",\N,\N,"/media/50/2007_39.jpg",\N,"被誉为“街舞王子”的他，却颇有儒者风范。舞台上，他是一位穿着张扬服饰，有着倨傲眼神的“潮人”，生活中，他高调做事，低调做人，展现了自我本色。从武大休闲舞蹈大赛团体冠军，金秋艺术节舞蹈大赛团体冠军，到动感地带全国街舞挑战赛湖北赛区最佳M-Zone人，武大校园男生风采大赛冠军……众多荣誉的背后，是他那份对梦想坚定不移地执着。给他一个舞台，还你我一篇精彩！","2007"
"38","李萍","40","新闻学院",\N,\N,"/media/50/2007_40.jpg",\N,"面对贫寒的家境，她选择了用自强不息的奋斗来对抗贫困的生活，柔弱如她，硬是赚出了大学期间百分之八十的生活费；面对多舛的命运，她选择用闪耀来回答，新闻小姐，模拟职场，十佳主持人，她的自信从容大气令她在各种舞台绚烂着。李萍告诉武大：人不可以选择境遇，却可以选择自己的态度。","2007"
"39","黄碧海","41","化学与分子科学学院",\N,\N,"/media/50/2011_41.jpg",\N,"一边是重病在床成为\"植物人\"的母亲，一边是高薪留学的机会。当两者发生冲突时，他选择了前者。28岁的黄碧海，武汉大学化学与分子科学学院博士生，用对母亲的坚守，感动了无数人。","2011"
"40","姚忠凯","42","",\N,"","/media/50/2015_42.jpg","","贫穷和苦难可以把人打倒，使其毁灭，也可以锻造人钢铁般的一直，使其百折不挠，不断奋进，他属于后者.谁能想象一个大连山沟的穷苦孩子是在背负着不幸家庭10多万元的巨额债务跨入武大的？10多份家教，1元8角钱的饭菜，多项简直，通宵自习室里不知疲倦的身影。。。。。三年的风雨征程，她经历了常人难以想象的生存考验！然而，他一路踏歌寻梦，一路披荆斩棘，始终把理想深埋在内心的最深处。","2006"
"41","杨应成","43","国防生",\N,\N,"/media/50/2008_43.jpg",\N,"贫困如虎，他却越挫越勇；岁月多舛，让他百炼成钢。悲伤四溢的清晨，堂堂七尺男儿的血性与刚强一次次升起希望.两次辍学，万元债务，父母多病，他早早扛起了家庭的重担。苦难的背后则是军人百折不挠的雄魄。他是中国大学生自强之星。他用行动给苦难致命一击，将相本无种，男儿当自强。","2008"
"43","武云龙","45","国防生",\N,\N,"/media/50/2010_45.jpg",\N,"立正、稍息，怀缅着军人的梦想挥洒汗水；阅读、实践，带着求知的欲望挑战高峰。以勤奋为主题，他用一种独特的方式演绎着青春；用奋斗做坐标，他以一种惊叹的角度诠释着生命。","2010"
"44","武大国旗班","46","国防生",\N,\N,"/media/50/2012_46.jpg",\N,"他们，是樱花城堡下的国防绿，用青春护卫国旗。他们，是大型活动上的排头兵，纪律铸就辉煌，汗水闪烁荣光。这里，不是一次邂逅，只要有一样的军旅梦，就注定会相遇。这里，不是一场朝圣，除了信仰，我们更用行动传递力量！十大风云学子之武汉大学国旗班，乘珞珈之气，铸钢铁军魂！","2012"
"45","杜国心","47","基础医学院临床医学",\N,\N,"/media/50/2006_47.jpg",\N,"望闻问切与卡通漫画，白血病魔与阳光少女。你的人生是如此的精彩，因为那是痛苦与智慧相伴、死亡与欢乐相生的时光。谁说灾难不是一种财富呢？只要梦想永远站着、、、、、、","2006"
"46","徐稳安","48","口腔医学院",\N,\N,"/media/50/2007_48.jpg",\N,"一次意外，失去的是两位至亲；一份坚持，得到的是无悔的满足。如果他当时选择了逃跑，徐稳安这个名字就不会像现在这样出现在人们的视野之中；如果他当时选择了退缩，徐稳安这个名字更不会像现在这样承载着武大“自强、弘毅”的精神。亲人离世之后的坚强，对急救事业的无限热忱，使他一次一次地蜕变，走向人生的高处。","2007"
"47","侯艳丽","49","",\N,\N,"/media/50/2007_49.jpg",\N,"自称只是一个普通学生的她却有着不一样的人生经历，从罹患癌症到选择截肢再到癌细胞扩散，这个瘦弱的女生一次又一次地站在了人生的风口浪尖，但她没有消沉地等待命运的裁判，而是乐观地接受了现实，拼命地学习，用心地生活，那一句“我要创造奇迹，我是铁打的金刚”，无疑是武大校训里“自强”二字最淋漓的体现。","2007"
"48","陈东","50","生命科学学院",\N,\N,"/media/50/2007_50.jpg",\N,"这个普通的男孩儿，从一个“橘子”到央视冠军，从篮球爱好到领衔生科，从梦碎清华到择嫁耶鲁，身上的光环太多太多，但他自己知道，点亮光环的那双手，是谁的，始终站在阳光下，行走在微风里，最灿烂的笑脸诠释着：有了深度的人们，自然就会朴实。或许，没有大起大伏的坎坷，不堪称命运的强者，然而，踏雪而来，乘风而去，又何尝不是另一种生活的英雄。努力，获得，简单地力行着，陈东，引领武大学子，力挽武大风云。","2007"
"49","邹思颖","51","生命科学学院",\N,\N,"/media/50/2009_51.jpg",\N,"从全额奖学金到被实验室录取，所有的荣誉与赞誉都在邹思颖那里云淡风轻。一切都是那么恰到好处，顺理成章。生命的墨笔写到了她这里，处处都是流光溢彩，美不胜收。她逐梦的姿态总让人感觉青春，就像一艘船，只会属于远方。随风行走，生命里最倾心的景致。彼岸的花，四季常开。","2009"
"50","张五州","52","计算机学院",\N,\N,"/media/50/2009_52.jpg",\N,"困难打不垮，贫困磨不坏，当命运的暴风雨来袭，他毅然不倒，扛起命运的重负，只为与艰难困苦背水一战。面对多舛岁月的汹汹狂潮，他紧握心中笔杆，秉承坚定信念傲然迎战，指点山河，拼出一段岁月峥嵘。承载光荣，他依然不忘坚守心中的精神家园，知恩图报，他用不灭的火苗点燃希望，用热血青春吟咏强者之歌。","2009"
"52","律德","54","历史学院",\N,\N,"/media/50/2011_54.jpg",\N,"不要问他为什么辗转。因为他没有回首，只有不悔至白头。XXX命运唆使的漂泊，还是内心追逐的曲线，他只知道，踏上心灵土地的那一刻，有亲吻大地的冲动。XXX欧洲收藏了他的足迹，中华听见了他的旋律。音乐教会了真，也教会了自由，最后自己也成了一首冥想之曲中的音符。","2011"
"53","汪玥","55","",\N,\N,"/media/50/2010_55.jpg",\N,"天津、坎昆，变的是地点，不变的是对气候的关注，对环境的坚守。音乐、会议，变的是形式，不变的是对生活的努力，对理想的执著。稚气却不幼稚，平实却不平凡，这个“青年气候领袖”，他用自己的行动诠释了“有志不在年高”，他用自己的坚持抒就了人与环境的和谐。他的梦想，也是人类的环保梦想，即将放飞。","2010"
"60","程晓萱","62","新闻与传播学院",\N,\N,"/media/50/2006_62.jpg",\N,"一个本科生能在不到四年的学习过程中，在全国中文核心期刊上发表不下十篇论文，并在推荐免试研究生考试中同时被北京大学和中国人民大学录取，这是让人刮目相看的。有人说她是学术美女，有人说她是学术才女，而她却说她自己只是一个有着特殊武大情节，平凡的女生。她的平和、大气、睿智和坚定不正是武大精神的最好诠释么？","2006"
"61","任晓东","63","测绘学院",\N,\N,"/media/50/2010_63.jpg",\N,"没有比人更高的山，因为他有山一样的性格；没有比脚更长的路，只要像他那样脚踏实地。古人云：“寒门出才子。”平凡、坚韧、自信、乐观，因为不一样的起点，去追求华丽的终点。这一刻，他已走出了自我。","2010"
"62","林凯荣","64","水利水电工程学院",\N,\N,"/media/50/2006_64.jpg",\N,"“君子务实，本立而道生。”作为一名大学生，林凯荣修学储能，厚积薄发，在学术之路上鉴定地前行。家庭的清贫没有束缚住他高飞的心，出色完成的各种科研项目见证了他的优秀和踏实，兢兢业业的工作为他赢得了无数赞许和欣赏的目光。这个憨厚务实的年轻人，心无旁骛地做着学生最本职的事情，因为专一，所以感人。","2006"
"63","武文博","65","化学院",\N,\N,"/media/50/2012_65.jpg",\N,"既是仰望星空的梦想者，也是积跬步成千里的实干家。他是文韬武略的化学博弈者，始终追求“最疯狂的梦想”。发表总影响因子超过85的16篇国际期刊论文；发现迄今为止以偶氮苯为生色团所能达到的最高值。珞珈十大风云学子之武文博—以严谨细致之心躬行求知，以云帆沧海之意长风破浪。","2012"
"64","张本坚","66","医学院",\N,\N,"/media/50/2007_66.jpg",\N,"他，本性浪漫，但却坚定投身于科研。“艰难困苦，玉汝于成”，从枯燥的科研低谷到在国际知名医学杂志发表论文的高峰，他无怨无悔。静，能耐住实验的寂寞与枯燥；动，能活跃于学生活动。“人生不能被颠覆，但可以创造。”这是他的个人宣言，亦是他的真实体会，只要坚定了一条属于自己的人生之路，就要认真地走下去。人生的转角他遇到了科研，选择了科研，专心于科研。希望他能在科研这条荆棘之路上，走得更远……","2007"
"65","何川","67","化学院",\N,\N,"/media/50/2008_67.jpg",\N,"他是科研探索道路上虔诚的朝圣者，平和且谦让，多识而执着。绚烂的青春献给单调的科研，清冷的实验室封闭不了一颗炽热的心。智者年少，不显山露水，只暗叙幽情，坚定如斯，沉稳如斯。何川，如大河般悄声流淌，却汇百川千种灵性，漫长的积蓄里，只一次爆发，便惊天动地。","2008"
"66","杨洋","68","计算机学院",\N,\N,"/media/50/2009_68.jpg",\N,"他在丰富变幻的计算机字符中收获成长，在神奇莫测的程序语言中勇往直前。他是才华横溢的计算机程序设计师，每一个细胞都渗透出非凡智慧与天赋；他亦是执着于求知科研的梦想坚定者，每一个脚印尽显笃定与艰辛。他似是为计算机程序而生，为使命而拼。杨洋，收获辉煌的先行者，披荆斩棘，把智慧锻造成梯，在浩瀚书海勇敢攀登。","2009"
"67","刘超","69","化学院",\N,\N,"/media/50/2011_69.jpg",\N,"八年，他将人生最美好的年华留于珞珈，将生命融于珞珈；珞珈为家，他把自己踏实的科研精神，融进珞珈之魂；他和千万精英珞珈学子一起，成为珞珈的脊梁，支撑起巍巍珞珈！","2011"
"68","张驭宇","70","电子信息学院",\N,\N,"/media/50/2011_70.jpg",\N,"一项国家发明专利，两次科研工作经历，三年最高额度奖学金，七篇学术论文，无数荣誉表彰。风采张扬的背后，是日日夜夜的辛勤付出；专业技能的驾驭，源自于对梦想的执着；他用四年的时间，绘就了属于一个珞珈学子的器宇轩昂。","2011"
"69","沈庆林","71","医学院",\N,\N,"/media/50/2012_71.jpg",\N,"我们世界上最美好的东西，都是由劳动、由人的聪明的手创造出来的。不要心平气和，不要容你自己昏睡！趁你还年轻，强壮、灵活，要永不疲倦地做好事。沈庆林就是这样，一个永不疲倦做好事的人。两年来，他不断改进和完善循环肿瘤细胞的捕获和释放研究的技术和方法，成为了多个项目的主要执行者，刷新了武大医学部三项记录，在世界上有着举足轻重的影响。为肿瘤学科做出贡献，就是他一直以来最坚定的追求。执着科研路，苦寂亦清欢。驽马十驾，功在不舍，锲而不舍，金石可镂。","2012"
"70","南极科考队","72","",\N,\N,"/media/50/2012_72.jpg",\N,"他们，二十九次代表武大踏上南极大陆。在白色荒原，他们建立了首个验潮站；在冰冷大陆，他们用“珞珈山”命名了其中一座山。他们一口气在南极度过了448天，创造了我国极地科考的记录。这是一场心无旁骛的接力赛，他们手握一颗赤诚之心，一年又一年地奔跑着。南极的天空风云变幻，只因那个信念：守护着武大人在南极创造的荣耀与梦想。","2012"
"71","神农架及长江流域生态考察队","73","",\N,\N,"/media/50/2006_73.jpg",\N,"你们去神农架的目的不同凡响：你们没有去寻找也许并不存在的野人，而是去保护越来越稀少的动植物。如果说，生态保护真的是一件时尚的外套，那么，它首先应该穿在这所百年名校的风云学子们身上。","2006"
"72","唐瑞","74","电子信息学院",\N,\N,"/media/50/2007_74.jpg",\N,"犹如一朵野百合，她简单又坚韧，蓬勃得不屈不挠。如果说武大是培养她的沃土，那么她迎风生长，终究会给母校带来更大的辉煌。她犹如一支蜡烛，一旦点燃，就快乐地燃烧着，勇往直前，义无反顾。她温和坚定，静能寒窗苦守，动能风云赛场。平淡是生活，奋斗的路上，她延续着强者的歌唱。其实，我们的时代从来不缺少追随潮流的人；我们缺少的，是这样坚韧淳朴、热爱生活的校园精神引领者。","2007"
"73","刘志毅","75","新闻与传播学院",\N,\N,"/media/50/2010_75.jpg",\N,"卧底富士康，追踪“八连跳”。这是新闻一线的硬拼杀，这是社会热点的深介入。从新鲜刺激到走完孤独之旅，这是一位年轻人的难以承受之重，更是一名新记者的成人之礼。怀着一个记者对新闻理想的执著，他仍然在追寻的路上。举手投足，激荡风云。","2010"
"74","李行","76","经济与管理学院数理金融班",\N,\N,"/media/50/2007_76.jpg",\N,"李行，人如其名，“背着行李去旅行”，他看过天涯海角的日出，听过维多利亚港船只起航的鸣笛，感受过敦煌石窟雄浑博大的瑰丽，领略过内蒙古大草原一望无际的辽阔……行走中，他以坚定的社会责任感，自觉肩负起传播中华文化的使命，凭借武大人广博的胸怀与自强弘毅的特质，亲身感受并致力于传播华夏文化。李行，行走中的舞者！","2007"
"75","施俊","77","",\N,\N,"/media/50/2008_77.jpg",\N,"从丽江徒步走到拉萨，与天地为伴，完成一次精神的旅行。风声呼啸，只是耳畔匆匆过客；大雨滂沱，在从容笃定的脚步下碾落成泥。天为盖，地为庐，高原行者，找寻一份被城市遗忘的寂静。行者无疆，四十卷胶卷记载的故事里是也无风雨也无晴的青春随笔。山色如黛，轻雾如烟，他低吟而来，浅唱而去，字字珠玑，都是武大学子的不羁与轻狂。那种即兴而为的诗意与勇气，给汲汲奔忙于世的我们一份久违的感动。","2008"
"76","卢章洪","16","第二临床学院",\N,\N,"/media/50/2009_16.jpg",\N,"没有什么比挽救生命的事业更加神圣。怀着一颗慈悲之心，面对那么多悲凉无助的呼唤，他试图用自己的行动挽留一个个无辜的生命。高山仰止，景行行止；捐躯济难，何曾言苦。他将生命担在自己的肩膀上，成为坚持下去的理由。对生命的尊重，便是这世间最高尚的情操。","2009"
"77","孙点剑一","18","预防医学专业",\N,\N,"/media/50/2009_18.jpg",\N,"他是悬壶济世的崇高医生，谦和而执着；他是孜孜不倦的虔诚科研者，渊博而笃定。他用坚持不懈告诉我们“该做是责任”，他用敏锐目光与翩翩雅举将“能做的自信”尽致发挥，他用在公益事业沉沉的大爱演绎“想做是随性”。知识汇聚力量，爱心融化冰寒，孙点剑一，用他的真诚和洒脱，洒脱，坚持与恒爱为我们勾勒出人生的恢弘蓝图。十年磨一剑，他必会乘风破浪，扬帆万里！","2009"
"78","李武","1","化学与分子学院",\N,\N,"/media/50/2014_1.jpg",\N,"从二本到一本到德国科学院院士的垂青，他一步一步走得很艰难，却走到你我看不见的风景深处。一切看来不可思议，却又是顺理成章。XXX本硕博十年，没错，从最开始他就是最努力的那个。为心中想向，他可以放弃一切，理性于他，不过是纯粹。其实他从来不知道什么叫松懈和“扰乱我心”。XXX他有着难以理解的拘谨，而与之对应的则是从没有停止的微笑。在不自信的状态中，他只是踏实做事，毫无杂念地一心赶上心中的“假想敌”。他是李武，他从不停止XXXrun！XXXrun！XXXrun！ ","2014"
"79","石珂","2","经济与管理学院",\N,\N,"/media/50/2014_2.jpg",\N,"大一考托，参加慈善拍卖会，大二杀G，奔赴哥大交流。XXXGPA专业第一，一年国奖，两年国家级科研立项。XXX她做了所有学霸和青年领袖能做的和想做的事情。XXX你或许觉得她是个奇女子，殊不知，你可能已经在偌大的校园里，和这个娇俏可爱的女生，无数次擦肩而过。XXX成为学霸的路上，她从不单打独斗。XXX她喜欢和她的朋友分享资源，共同奋斗。XXX她是石珂。是不平凡的人物里最平凡的一个，也是平凡的人物里最不凡的那个。","2014"
"80","蔡旭芬","3","计算机软件学院硕士",\N,\N,"/media/50/2014_3.jpg",\N,"坚守其道，不畏长路漫漫；XXX执着而行，只求不负初心。XXX率真直白，她是爱挑战的自由派。XXX不试一试，怎知自身潜力几分；XXX不闯一闯，何寻真我天地一片。XXX倔强随性，她是快乐的生活家。爱音乐，也迷美剧；XXX享受难得的浮生半日闲，也专注于忙碌的实验室时光。XXX她是蔡旭芬，把握自己的节拍，身随心动，意随念走。","2014"
"81","吉培轩","4","国际软件学院",\N,\N,"/media/50/2014_4.jpg",\N,"他细致周全，行事不出差错；XXX他自立自强，四年学费自给。XXX他是锐意创新的工科男，还是博学多识的“文科生”？XXX静能方寸之地玩转互联网，动能气势磅礴习练太极拳。XXX是梦想，却并非妄想；是忙碌，但拒绝庸碌。XXX仰望星空，每一天都在奔赴新的梦想；脚踏实地，从不拖延的实干收获必然的辉煌。XXX他就是吉培轩，来自国软的百变技术咖，心之所向尽逍遥。","2014"
"82","智能车","5","",\N,\N,"/media/50/2014_5.jpg",\N,"夜半挑灯调试，辰时挥汗装车。XXX百数次增删设计，千余回更轼易辙。XXX呕心为几何？XXX车似离弦飞矢，道如九曲兼迮。XXX毫秒间高低立现，转瞬时输赢两隔。XXX终于头奖得！XXX他们是智能车团队，团结、创新，他们正大步走向成功！","2014"
"83","记忆大师","6","",\N,\N,"/media/50/2014_6.jpg",\N,"你只知他们在《最强大脑》中叱咤风云，却不知他们在暑期集训中冲激脑力XXX你只见他们创业有成，却不见他们辛勤公益XXX问鼎世界冠军又何足挂齿，记挂“战友”情谊才铭感我心XXX他们说“一双手只能抓一条鱼”，所以他们专注记忆XXX他们说“一个人可以走的更快，但一群人可以走的更远”，所以他们携手同行XXX他们是记忆大师团队，世界虽大，他们却说忘记你，我做不到 ","2014"
"84","颜会闾","7","城市设计学院",\N,\N,"/media/50/2014_7.jpg",\N,"从家乡湛江到珞珈山下，他一路追寻自己的建筑学理想。XXX武大老建筑厚重人文气脉开启了他探索关注人文情怀的建筑道路，XXX都市实践先锋事务所的实习经历坚定了他继续走下去的信心，XXX作品《重构地平线》，重构的不仅仅是地平线，XXX还有他对城市历史的回忆和对建筑未来的人文关怀。XXX他是颜会闾，大雅通俗，人文筑境，他在探索善意人居的道路上前进不息。","2014"
"85","张可儒","8","新闻与传播学院",\N,\N,"/media/50/2014_8.jpg",\N,"他，一个新闻学学生，一个校园原创歌手。XXX清澈悠远的歌喉，成就了他向音乐的无缝跨界。XXX对自由的执着追求，激扬起他生命的光彩。XXX校园十佳歌手，歌王歌后挑战赛亚军，原创音乐大赛一等奖，是他奋进的脚印。XXX樱花城堡，再见是永远，没有青春的青春，是他奏响的时代强音。XXX新浪音乐人，豆瓣音乐人，独立音乐创作人，是对他付出的回应。XXX他，于周而复始中砥砺前行！不断实现梦想，不断超越梦想。XXX他是张可儒，一位现实的理想主义者，音乐，或将成为他一生的坚持。","2014"
"86","古姿丽努尔","9","政治与公共管理学院",\N,\N,"/media/50/2014_9.jpg",\N,"能歌善舞，阳光开朗，是她与生俱来的性格XXX新生幻彩，金秋舞蹈，校运会赛事都有她的身影XXX四年付出，尽职尽责，她是青发的好主席XXX是青发人眼里温柔的长姐XXX无数“优秀”的桂冠，是她不懈努力的证明XXX她温柔似水，也勇敢坚强XXX面对暴力恐怖事件，她不退缩XXX深知危险，她依旧希望矛盾化解，维汉民族团结XXX她说，“这是我的使命，更是一份责任”XXX她是古孜丽努尔，孤身求学而成就斐然的新疆姑娘","2014"
"87","鲍百尹","10","历史学院",\N,\N,"/media/50/2014_10.jpg",\N,"他是一位来自香港的非典型学霸。XXX作为求学大陆的香港人，他有着不一样的视角。XXX作为雅思高分考生和奖学金的多次获得者，他有着不一样的才华。XXX作为历史学院院学生会的主席，他有着不一样的经历。XXX作为生活的思考者与决策者，他有着不一样的深度。XXX他是干净温润、大方儒雅的书生。XXX也是运筹帷幄、决胜千里的将帅。XXX他是鲍百尹，有理想，有追求，有准备的等待之人。","2014"
"88","公交救人团体","11","",\N,\N,"/media/50/2013_11.jpg",\N,"十年杏林寄芳华，一片丹心救死伤。公交车上危情现，珞珈学子施救忙。2013年的夏夜，你们救醒了一个人，感动了一座城。或许在你们眼中，救死扶伤是医生的本职；但发现险情时的匆匆脚步，紧急施救时的从容镇定，手掏秽物时的不计得失，却实实在在彰显了医者的赤诚之心，一颗浮华的社会里最是难得的赤诚之心。一年前的那一刻，你们未着白衣，却依旧是最美的天使。","2013"
"89","赖秉洪","12","土木建筑工程学院",\N,\N,"/media/50/2013_12.jpg",\N,"这所大学里的每个人都在寻找未来。大部分人迷茫而缓慢地按部就班，少部分人主动积极地规划人生，而你做到了用奋斗创造自己的未来。一年之内50多项发明成果和20多项专利申请，是拼搏的硕果，是热情的结晶，是更为辉煌的发明之路的敲门砖。你说，“爱拼才会赢”。热爱不止，拼搏不息，即使发明之路并非坦途，你怀抱着热爱的赤子之心一路披荆斩棘，执着所爱。","2013"
"90","方敏","13","第二临床学院",\N,\N,"/media/50/2013_13.jpg",\N,"一份沉静，和着一份热情，与文献资料挑灯为伴；无数探究，夹着无数思索，携科研成果脱颖而出。方寸实验室，见证了肿瘤脉冲式理论和肿瘤侵袭单元概念的首次提出；学术交流会，闪现着你机敏从容，落落大方的身影。你说，哭着流泪是怯懦的宣泄，笑着流泪是勇敢的宣言。微笑，申报专利成果、优秀科研项目印下了你的足迹。勇敢，创办教育公司、领导社会实践刻录了你的传奇。你行走在珞珈山下，方而大气，敏而从容。","2013"
"91","章广越","14","水利水电学院",\N,\N,"/media/50/2013_14.jpg",\N,"你是自控能手，高考前百日发奋苦读，以飞跃式进步来到珞珈山脚。XXX你是改革舵手，力挽记忆协会于倾颓之际，用一颗做事业的心来做社团。XXX你是记忆天才，稳坐华中各大高校记忆协会盟主之位，“起步珞珈，驰骋中华”。XXX你是创业新星，掌管一月盈利20万的教育公司，却用一颗做社团的心来建设企业。XXX你还有热心肠，以“记忆”为公益，支援西部教育发展。XXX你的青春，不是荣誉可以衡量；你的快乐，不是利益可以估价。XXX你是独立、创新、自由，是兼具文气和霸气的“帅才”，是今晚珞珈山的骄傲！","2013"
"92","马鸿旭","15","水利水电学院",\N,\N,"/media/50/2013_15.jpg",\N,"这么多年，你一直在为梦想折腾自己：成为叱咤校园的十佳主持人；在模拟联合国大会上被潘基文接见；从学校里大家称羡的顶尖学霸，到天才知道的全国冠军。这些都是笼罩在你头上的光环。荣誉的花朵表面光鲜无比，可背后却是你日日为梦想而辛勤付出的汗水在浇灌。漫漫人生，是梦想赐予了你翱翔长空的力量；执着前行，你有一颗为梦想而跳动的心脏。“我没有任何天分，可我有梦的天真”这是你的个人宣言，也是你最真实的体会。遥迢来时路，春风马蹄疾。鸿路有嘉名，廓然似朝旭。","2013"
"93","陈曦","16","电子信息学院",\N,\N,"/media/50/2013_16.jpg",\N,"团队领袖的将相之气，饱读诗书的书卷之魂，源于生活的思想之光，坚守科研的创新之才。当一个人集文理于一身，那你的路便不再平凡。一笔在手，你可以用它写下大气磅礴的诗词，也可以做严谨的科研运算。天赋口才，当得好副主席，也做得好队长，更能国赛完美答辩。海洋之上，或秋或春，你精心调试自己团队的S波段多普勒雷达，虽然这个雷达还是个孩子，但你的目标是用它于海洋环境的监测。你用心感谢身边的人，用心反馈这美好的世界，你用生命在思考，用灵魂在追求。","2013"
"94","付端凌","17","外语学院",\N,\N,"/media/50/2013_17.jpg",\N,"你倔强顽强，在困难面前永不服输。在全身心的投入下，你创造出一次又一次的奇迹。从雅思口语教师到英语辩论冠军，从国际会议同传到中外交流志愿者，你用犀利的词句展现别样的风采，你用开朗的性格结交遍布世界的朋友。在多元文化的碰撞中，你用英语架起跨文化沟通的桥梁，让世人看到了唇齿之间的魅力。在梦想面前，你满怀激情，而英语则是你寻梦的武器。What doesn’t kill you makes you stronger。越挫越勇，自强不息！","2013"
"95","李莎旻子","18","新闻与传播学院",\N,\N,"/media/50/2013_18.jpg",\N,"“樱花诗赛”记录你的轻轻诉说，话剧“画皮”展示你的别面人生。“一站到底”上铭刻你不懈的坚持，“开门大吉”里留下你追寻的勇气。从”十佳主持”到“新闻小姐”，你日趋成熟却始终不变学生的真实；从武大播音到代班主持，你踽踽前行却从不忘记起航的初心。十年梦想，一朝登台。几载耕耘，今朝盛放。坚持给了你追逐梦想的权利。从武大出发，向梦想之地全力奔跑。踏过荆棘，不顾他人非议，走过坎坷，触碰梦想的属地。","2013"
"96","陆庆全","19","化学院",\N,\N,"/media/50/2013_19.jpg",\N," 纵使知道努力与成功之间并非等号，但你仍然埋头于第无数次加一的实验中；纵使知道成功与名利之间有着丝丝联系，但你并没有为此而迷失了方向；纵使自己的学术论文刊登在国际顶级期刊上，但你明白，未来的路，还很长。你像那普通而又不普通省略号，永远奋斗着，没有终点；你是那无波而又幽深的古井，淡然面对生活中的名与利；你在化学的道路上愈走愈远，而那路的尽头，将会对人类产生巨大的影响。","2013"
"97","潘泽","20","哲学学院",\N,\N,"/media/50/2013_20.jpg",\N,"舌战群雄，风流儒雅，时而凌厉，时而轻盈，辩论的终身成就奖，道不尽樱顶之上，你亲手栽植的满园桃李，道不尽皇皇武大雄辩天下的血脉传承；聚光灯下，浪漫任性，时而嬉笑，时而畅想，历夏剧社的年度戏，说不完珞珈山下，你曲折成就的戏剧之家，说不完一个好人的喜悦平安。","2013"
"98","魏清扬","0","文院","本科","","/media/50/2015_00.jpg","","魏清扬，文学院留学生。不远千里、克服重重困难来到中国的芬兰女孩魏清扬，袭一身旗袍，说一口流利的汉语。她在央视“汉语桥”大放异彩，为世博会芬兰馆工作服务，她在用行动践行着中外文化交流的使命。","2009"
"99","唐山","93","化学与分子学院",\N,\N,"/media/20/2016_93.jpg",\N,"唐山热爱科学研究，在国际上率先使用多金属催化体系和非金属元素碘调控高活性自由基反应的选择性，以第一作者身份在Nat. Commun. Chem. Soc. Rev.和Angew. Chem. Int. Ed.等国际著名期刊上发表了11篇SCI论文，个人总影响因子已经破百。曾获武汉大学“研究生学术创新奖一等奖”、“芙蓉学子•学术创新奖”、 “优秀研究生标兵”、“研究生国家奖学金”等荣誉。","2015"
"100","王春彧","94","城市设计学院",\N,\N,"/media/20/2016_94.jpg",\N,"连续4年获得甲等奖学金、2014国家奖学金；XXX综合成绩第1名、专业课成绩第1名；XXX亞洲建築新人戰百强；XXX本科期间完成4项科研；XXX本科期间建筑类核心期刊第一作者4篇；XXX本科期间各领域超过10项竞赛的获奖；XXX2012武汉大学“唇舌烽火”金秋辩论赛季军。","2015"
"101","刘会凤","95","政治与公共管理学院",\N,\N,"/media/20/2016_95.jpg",\N,"社会活动:参加了世界脑力锦标赛，获得了国际记忆大师和特级记忆大师！目前排名中国女子第一。2016年参加录制《最强大脑》晋级加入x战队！XXX科研学术方面:申请了国家级创业训练科研项目——“基于有脑开发的在线教育”等一系列科研。XXX学习方面: 2014年国家励志奖学金，获得优秀学生的称号，2015年获得甲等奖学金和国家励志奖学金，以及“三好学生”称号","2015"
"102","张韵秋","96","经济与管理学院",\N,\N,"/media/20/2016_96.jpg",\N,"独立创建运营线上分享平台iShareWHU，拥有近3000名长期用户，辐射中国各地10余所著名高校；创建30余门经管课程的学习资料，7000余次下载；发布100余篇原创文章，40000余次阅读。XXX麻省理工学院金融硕士、伦敦政治经济学院金融硕士等项目录取。XXX法国巴黎银行Ace Manager金融分析竞赛武汉大学第1名、全球前2%。XXXCET-6：670/710；TOEFL：111/120；GMAT：760/800（前1%）；CFA二级候选人。","2015"
"103","段昌伯","97","新闻与传播学院",\N,\N,"/media/20/2016_97.jpg",\N,"武汉大学原创音乐人 XXX收到利物浦大学、利兹大学、谢菲尔德大学等四个学校OFFER，将前往英国深造，专业为音乐产业研究XXX学术方面：《社会化传播与代际传承——丽江洞经音乐传播者新媒体调查与分析》即将发表XXX经历方面：2015年个人策划并发行专辑《凝时》，成为草莓音乐节收邀嘉宾，举办“The Flow Theory”乐队告别演唱会，参与制作《珞樱3》","2015"
"104","李冠成","98","计算机学院",\N,\N,"/media/20/2016_98.jpg",\N,"来自弘毅班，曾在微软Club、青协任副主席等职务，热衷志愿活动XXX国家奖学金(GPA3.8)，谷歌奖学金(GPA4.0)，弘毅奖学金等XXX软件领域影响力最高的比赛ACM/ICPC亚洲区银牌等十余个奖项XXX科研成果已达清华北大博士毕业要求。其中一篇论文解决了困扰学术界40年的难题，是信安最顶级会议ACMCCS的首篇来自华中第八篇来自大陆的论文XXX清华北大offer，国外Phd 邀请，Alibaba 20W年薪 offer","2015"
"105","李龙俊","99","历史学院",\N,\N,"/media/20/2016_99.jpg",\N,"2013，李龙俊主动加入中华骨髓库。2015年7月，经过前后共六天注射动员剂和采集，李龙俊的462毫升造血干细胞越洋飞抵旧金山，为白血病人带去生的希望。其事迹被光明日报、新华网、楚天都市报、长江日报等多家媒体广泛报道，一时引来无数好评与热议。如今，他努力向身边的人科普造血干细胞知识，希望更多的人能够加入捐献者行列。","2015"
"106","江安吉","100","外国语言文学学院",\N,\N,"/media/20/2016_100.jpg",\N,"跳级、直升、保送，19岁先后获北大、清华、中科院大学、人大的预录，目前以推免成绩第一名顺利保研至北京大学。历任武大电视台台长、院会副主席。连续三年获甲等奖学金、校三好学生，蝉联第一（院唯一）获2014十大风云学子提名；专访诺贝尔文学奖得主等国内外名人；参加“大国关系”研讨，脱颖而出，获中央智囊团肯定；赴西南地区招生宣讲；组织发起与西班牙高校合作。三项科研，主持外交学学术沙龙等；开创、执导栏目，获全国高校电视一等奖；我为世界代言——模拟新闻发言人大赛冠军。","2015"
"107","武汉大学龙舟队","101",\N,\N,\N,"/media/20/2016_101.jpg",\N,"武汉大学VS华中科技大学“同城双星冠军”；XXX黄山国际龙舟赛男子大学生组冠军，女子大学生组季军；XXX天津首届世界名校龙舟大赛总成绩季军；XXX中华龙舟大赛福州站女子大学生组总成绩季军；XXX中华龙舟大赛万宁站男子大学生组总成绩第六名；XXX中国龙舟公开赛荆州站总成绩第六名；","2015"
"108","孙世博","102","水利水电学院",\N,\N,"/media/20/2016_102.jpg",\N,"获得宝钢优秀学生特等奖，是2015年度湖北省唯一获得者，武汉大学首位本科生获得者；节能减排大赛国家级一等奖，水利创新设计大赛全国赛第一名、特等奖；“三下乡”国家级优秀成果，湖北省大学生优秀科研成果获奖二等奖；张光斗奖学金，周培源力学竞赛国家级三等奖，数学竞赛预赛国家级二等奖，三等奖各一次；发明专利两项，核心期刊论文一篇等。","2015"
"109","桂祎明","103","历史学院",\N,\N,"/media/20/2016_103.jpg",\N,"创立武汉嗨皮士文化传媒有限公司XXX用创业盈利进行环球旅行，多次深入中东、非洲、拉美及北极等地区，四年间用完一本护照XXX参加麦肯锡公司中非经济合作调研（埃塞俄比亚）项目XXX在索马里－埃塞俄比亚国际公路项目谈判中任中国承建方秘书XXX参加阿富汗赫拉特中国武馆帮扶项目，任阿富汗巴达赫尚金矿谈判中方秘书XXX在国家级、省级期刊发表作品7篇，获得1项国家专利XXX连续三年获得奖学金XXX毕业将赴意大利罗马一大学习文物修复XXX将出版书籍《一个人的伊斯兰》XXX武大蒲公英旅协会长","2016"
"110","宋心竹","113","生命科学学院",\N,\N,"/media/20/2016_113.jpg",\N,"作为公司联合创始人，主导水稻抗虫育种项目XXX获得湖北省“创青春”大学生创新创业金奖、“创青春”全国创业大赛电子商务专项赛优秀奖、XXX珞珈校友创投会上获创业项目一等奖，并由校友企业家陈东升颁奖。XXX在创业路演中获得丰厚资本、达晨创投等6份投资邀请函。XXX相继担任院系第24届学生团副、第25届学生会主席、华中区武大宝洁俱乐部副主席 XXX曾在北京滴滴出行总部、奥玮管理咨询公司、欧莱雅中国等多家名企实习。","2016"
"111","蔡昌松","119","电气工程学院",\N,\N,"/media/20/2016_119.jpg",\N,"潜心科研、勇于创新，研究无线输电技术，用科技改变生活XXX作为团队队长获2016年中国研究生电子设计竞赛总决赛一等奖、中国研究生电子设计竞赛商业赛一等奖、全国研究生智慧城市技术与创意设计大赛一等奖、中国创新创业大赛湖北赛区新能源团队第一名XXX仅2016一年内申请国家专利30余项，创新成果入选2016年中国国际高新技术成果交易会“十大人气产品” 暨“优秀产品奖”XXX获2016年度武汉大学首届“亚中创新教育奖学金”唯一金奖、国家奖学金XXX武汉大学优秀研究生标兵XXX武汉大学研究生电子设计协会分会长","2016"
"112","张迪","120","经济与管理学院",\N,\N,"/media/20/2016_120.jpg",\N,"保研至北京大学光华管理学院（专业全国录取2人)，专业第1，参加北大光华、清华经管、北大汇丰、复旦管院和上交安泰保研夏令营均获录取offer，获北大汇丰特等奖学金XXX两年国家奖学金，经管院十大学习之星，三好标兵XXX2项国家级科研立项，1篇JMS会议论文，联通校园4G研究项目全国第1，获挑战杯、互联网+、花旗杯、省翻译大赛等校、省、国家级奖项50余项XXX武大十佳乐手，梦想艺术团乐手队队长，新年音乐会（交响专场和梦想跨年夜）、武大迎新晚会、梦艺专场等10余次校级演出演奏钢琴 XXX主讲10场保研夏令营分享讲座，运营6600用户的保研出国学习实习经验分享公众号iShareWHU，ebaoyan公司咨询师，台湾传播营体验官（12000人选10）","2016"
"113","戴文莹","121","城市设计学院",\N,\N,"/media/20/2016_121.jpg",\N,"2016年“霍普杯”国际大学生建筑设计竞赛三等奖XXX武汉大学城市设计学院“优秀研究生”XXX全国英语能力竞赛（NECCS）二等奖XXX2014国家奖学金XXX网易音乐人，发布的翻唱作品累计播放次数过千万XXX武汉大学第七届十佳歌手冠军XXX武汉大学All-Star全明星歌手赛冠军XXX2015香港青年音乐节内地学生代表XXX武汉第三届光谷音乐节个人组冠军XXX2011浙江卫视“非同凡响”全国19强XXX湖北卫视“七星情歌会”周冠军XXX湖北第二届粉丝节歌唱比赛第二名XXXLOGO设计，Vi设计，招牌设计，字体设计，纹身设计，手写字体被统一企业朗朵咖啡新产品扉页使用XXX斑马线”武汉高校建筑学考研教育平台团队任三年主讲","2016"
"114","海燕合唱团","122",\N,\N,\N,"/media/20/2016_122.jpg",\N,"2016、2017年武汉大学新年音乐会、樱花节公演XXX2016年应国家汉办派遣赴德参加拜罗伊特青年音乐节并举办多场音乐会（德国•拜罗伊特）XXX2015年“中国和之声”室内合唱比赛成人混声组金奖第一名（中国•青岛）XXX2014年第五届湖北省大学生艺术节合唱甲组一等奖（中国•武汉）XXX2013年第二届亚洲国际合唱比赛成人女生组金奖（中国•香港）XXX2011年第四届湖北省大学生艺术节合唱甲组一等奖（中国•武汉）XXX2010年第六届世界合唱比赛室内女生组金奖第一名（中国•绍兴）","2016"
"115","董锦程","124","国际教育学院",\N,\N,"/media/20/2016_124.jpg",\N,"英国高考文学和历史均获满分，本科GPA3.8，获中国政府全额奖学金XXX纯素主义者，健身爱好者，精通太极梅花螳螂拳和散打XXX在武汉电视台直播了2017年汉马，主持了武汉电视台《家在武汉》节目、武汉大学两届国际文化节，感知中国 “智汇珞珈” 博士论坛XXX陪同武汉市委宣传部长李述永赴英国剑桥大学演讲，翻译讲稿全文，担任现场口译XXX2017年中国健康营养与蔬食论坛：讲师XXX武大汉语辩论赛：冠军、最佳辩手XXX拍摄武汉大学形象宣传片《创新，让热爱多一个维度》XXX湖北卫视《非正式会谈》：一日代表","2016"
"116","曾梦琪","125","化学与分子科学学院",\N,\N,"/media/20/2016_125.jpg",\N,"“有趣的科研万里挑一”，她这么定义自己所钟爱的科研XXX她玩转液态金属，致力于二维纳米材料的可控生长XXX她以第一作者身份在J. Am. Chem. Soc.（美国化学会志），ACS Nano（美国化学会纳米），Nano Energy（纳米能源）等国际著名期刊上发表了5篇SCI一区论文XXX她还作为主要编译人员翻译了国内的首部专业石墨烯译著（《石墨烯：基础及新兴应用》，科学出版社）XXX她曾荣获武汉大学“十大学术之星”、武汉大学“研究生学术创新奖一等奖”、武汉大学研究生国家奖学金等诸多荣誉。","2016"
"117","饶浪","126","物理科学与技术学院",\N,\N,"/media/20/2016_126.jpg",\N,"通过与口腔医院，中南医院，生科院等院系开展交叉合作，在仿生材料应用于生物医疗领域取得了一系列进展XXX相关成果已发表SCI论文20余篇，其中第一作者11篇(一区7篇)，包括Adv. Mater. （IF = 18.96），ACS Nano（IF = 13.33），Adv. Funct. Mater. （IF = 11.38）等国际权威杂志，个人总影响因子超过80XXX多次获得学术创新奖一等奖，国家奖学金，华为奖学金，华科-武大物理年会一等奖，研究生学习标兵等荣誉XXX曾任物理学院足球队队长，并带队取得足协杯亚军等荣誉。","2016"
"118","黄颖琳","123","文学院",\N,\N,"/media/20/2016_123.jpg",\N,"非洲生活半年XXX非洲最后一头白犀牛直播20万观众XXX卢旺达大屠杀后新生国家直播观众50万XXX麦肯锡实习生赴坦桑尼亚调研XXX中国援非医疗队报道XXX清泉计划”云贵调研，青年传媒集团副主席XXX中国大学生新闻奖，甲乙等奖学金XXX旅游深度爱好者，游历黎巴嫩等15个国家","2016"
"119","王旭坤","127",\N,\N,\N,"/media/20/2016_127.jpg",\N,"2017年至今，负责国家军事项目（密级：秘密\\机密）配音解说工作XXX主持武汉大学金秋艺术节等众多校园品牌活动30余场XXX创办武大新声新生歌唱大赛（现已更名为“武大星歌声”）XXX创办武汉大学全明星歌手超级联赛XXX代表武汉大学在央视一套《五月的鲜花》献唱，与王俊凯、刘昊然、尼格买提等同台演出XXX献唱武汉大学120周年文艺晚会节目《珞珈旗帜》XXX担任2015届武汉大学毕业生音乐节主策划XXX获阿里巴巴虾米音乐首届校园歌手大赛全国10强XXX获文化部指导，中国音像协会、新华网等主办的首届中国大学生音乐节全国30强（华中3强）XXX获湖北高校DV男神女神才艺大赛总冠军XXX获武汉大学校园歌曲三十年晚会演唱双金奖、研究生十佳歌手冠军XXX首届ALL STAR歌王赛“歌王”称号XXX受邀担任第八届世界女校长论坛演唱嘉宾XXX作为美丽中国支教项目梦想导师，远程支教一年XXX获瑞典哥德堡大学-瑞中跨文化传播交流营“优秀营员”称号XXX武汉大学2017届毕业主题歌《永是珞珈一少年》参与演唱者XXX校团委机关报《珞珈青年报》同名主题歌《珞珈青年》（独唱）演唱者。","2017"
"120","王肃之","128",\N,\N,\N,"/media/20/2016_128.jpg",\N,"他致力于网络法学研究，在核心刊物发表论文三十余篇（含CSSCI刊物十余篇），论文曾被人大复印资料全文转载，曾撰写国家立法咨询报告。他致力于实践法治梦想，多次参加国际性和全国性会议并做主题发言，撰写的调研报告获湖北省“挑战杯”特等奖，并宣讲十九大的法治内涵。他致力于珞珈文脉传播，举办第七届“我心目中的好导师”活动，制作“百年传承 德满珞珈”宣传片，举办首届华中地区博士生跨学科学术论坛，以及第七届“才子珞佳人”活动。","2017"
"121","王雅仪","129",\N,\N,\N,"/media/20/2016_129.jpg",\N,"连续荣获三年国家奖学金，专业绩点排名第一，2017年公派加拿大魁北克大学，进行为期三个月的学术交流，曾参与一项武汉大学大学生创新创业项目；获美国大学生数模竞赛二等奖，全国大学生英语竞赛三等奖等；她还多才多艺，在“榜样珞珈”颁奖晚会上用琵琶弹奏一曲《青花瓷》。三年团支书，带领所在支部连续两年获得校级先进团支部称号，两年校级先进班集体、校级先进班集体标兵称号，主题团日设计大赛一等奖，院合唱比赛一等奖等。她现在是武大青年咨询分析师协会（ShARE-WHU）的联合创始人兼执行主席、武大华为财经俱乐部联合主席；曾前前后后在8个组织和社团里工作和任职过。荣获校级优秀学生干部、优秀共青团干部、社会活动积极分子、优秀共青团员、三好学生等荣誉。她社会责任感强烈，热爱志愿奉献，参与过青协组织的所有志愿活动，自发成立爱心分队为身患血液病、不能离开病房的二年级小男孩义务家教长达半年时间；报名尼泊尔当地NGO组织，前往尼泊尔博卡拉支教。","2017"
"122","邓文","130",\N,\N,\N,"/media/20/2016_130.jpg",\N,"1. 工作踏实认真、思想积极上进：2017年5月发展为中共预备党员；先后担任武大国旗护卫队升旗手、17级法学院新生军训教官、17级国软院新生助理班主任、武汉大学学生会体育部副部长、武汉大学龙舟队分队长、学院1511班班长、党支部书记助理、武汉大学国防生模拟营班长、营长等职务。 2. 学习训练刻苦、综合素质过硬：目前专业综合成绩排名第一，积极参加科研竞赛，在省级、国家级以及国际级科研竞赛上取得优异成绩；作为国防生模拟营营长,自身军事素质过硬,以身作则,积级组织国防生军事训练、文体活动以及科研学习等；作为龙舟队分队长,代表学校在省级、国家级以及国际级龙舟比賽上取得骄人的成绩,展现了武大人能文亦能武的风采。 3. 热心公益事业、乐于奉献社会：参加武珞路小学、东湖中学、武大外校国防教育系列活动，授课30余堂；组织开展武大外校新生入学军训,传递培养军人的坚毅精神。","2017"
"123","苏程","131",\N,\N,\N,"/media/20/2016_131.jpg",\N,"城市设计学院13级本科生，预备党员，现已保送清华大学建筑学院（该专业全国校外仅招5人)。在学习上，该学生勤奋刻苦，专业排名第一，连续两年获得国奖、校三好学生(标兵) 、多次获得优秀学生甲等奖学金等荣誉称号; 在专业领域，该学生开拓创新，不仅多次在全国（国际）大学生建筑设计竞赛中获奖，而且以第一作者在专业核心期刊发表论文，并完成多项大学生创新实践项目; 除专业学习外，苏程非常爱好设计，是2016年武汉大学(本科生) 录取通知书，2017年武汉大学(研究生) 录取通知书设计者。 曾获“谷雨杯”全国大学生持续建筑设计竞赛三等奖；中国建筑专业指导委员会“威海杯”全国大学生建筑设计方案竞赛优秀奖；中国建筑学会国际绿色建筑设计大赛入围奖；国际绿色建筑竞赛组委会亚洲建筑新人赛BEST100；武汉大学三好学生标兵；武汉大学万林艺术博物馆年度优秀志愿者：武汉大学优秀学生甲等奖学金；武汉大学于刚·宋晓专项奖学金（金额20000）。","2017"
"124","宋阳","132",\N,\N,\N,"/media/20/2016_132.jpg",\N,"1.学术、科普成绩突出:在新浪微博运营自媒体科普账号“长鲸吟”,与微博官方合作进行鲸类及其他海洋哺乳动物科普。至此共有粉丝28万；共发博1152条,总阅读量超过8635万。此外,与其他线上科普平台多次合作。仅在17年,就为科普公众号科学公园供稿10篇,与著名科普微信公众号果壳合作推出鲸类主题笔记本，在杂志期刊方面,为《环球科学》与《博物杂志》多次供稿。 2.实习实践经历出色:多次受邀参加国际国内讲座,例如曾受亚洲动物基金会邀请,参与 Naomi Rose博士讲座；受广西生物多样性研究和保护协会邀请,在千聊live讲座上进行北海鲸类辨识讲座演讲发言；受江门白海豚保护区邀请,参观科普馆及保护区核心区。此外,受广西科学院、湖北中国科学研究院等多个研究所邀请,多次奔赴全国多个湖域与海域(如鄱阳湖、长江各个江段、珠海、北海涠洲岛等)进行江豚研究。","2017"
"125","张琴","133",\N,\N,\N,"/media/20/2016_133.jpg",\N,"张琴同学研究方向为二硫化铼在能源储存和转换器件中的应用。利用ReS2极弱的层间vdW耦合作用和各向异性，将其应用于能源存储和转换器件领域，如锂离子电池、光解水制氢等，并表现出优异的储锂、产氢性能；挖掘其在智能能源器件中应用潜力，如纳米结构自组装、热致形变等，实现了ReS2的边-边取向自组装和热致面外弯折，取得了系统性的创新性成果；在过去四年的时光里,张琴已作为第一作者发表SCI论文7篇，影响因子大于10的有5篇，分别是3篇《先进材料》（Adv.Mater.，IF=19.791）、1篇《先进能源材料》（Adv Energy Mater.， IF=16.721）和1篇《美国化学会志》（J.Am.Chem.Soc.，IF=13.858），其中一篇入选ESCI高被引论文，个人总影响因子>100。荣获武汉大学“研究生学术创新奖一等奖”、“刘道玉创造研究奖”、“研究生学业奖学金”和“优秀研究生”等荣誉称号。同时，在化院的“师生歌唱大赛”中，这位“学术达人”更是赢得了比赛冠军，成为大家公认的“歌后”","2017"
"126","张瑜","134",\N,\N,\N,"/media/20/2016_134.jpg",\N,"她多次获国家奖学金、武汉大学一等奖学金，获武汉大学优秀研究生标兵、优秀共产党员、优秀学生干部等光荣称号。 她被称为“又红又专”的青年马克思主义者，具有奉献精神、执着精神和奋斗精神，是一个有视野广度、情感温度和视野宽度的正能量青年，同学们说她以身垂范，无时无刻不在践行着优秀共产党员的标准；她是“学术小能手”，《光明日报》发声、人大复印资料全文转载，发文作为专家咨询建议被湖北省委采用并上报到中央办公厅；她被称为“宣讲达人”，是马克思主义学院学习十九大精神博士生宣讲团团长、武汉大学学习习近平新时代中国特色社会主义思想博士生宣讲团副团长、武昌区委宣讲团和武汉市青年宣讲团成员，致力于用青年话语阐释、青年视角思考、青年实际联系党的最新理论成果，她宣讲十余场，辐射千余人。","2017"
"127","廖宇","135",\N,\N,\N,"/media/20/2016_135.jpg",\N,"2017年度武汉大学“亚中创新教育奖学金”唯一金奖获得者，是武汉大学印刷与包装系材料加工工程专业博士研究生。他致力于传感器、石墨烯导电涂料领域的研究，已发表SCI论文一篇，申请公开国家发明专利22项，其中5项发明专利已获授权。于2017年1月在青山区“5.5＋互联网产业园”创立“武汉鸥易光电科技有限公司”，担任公司法人和CEO，获政府200万元资金补贴支持以及500余平米办公场地和办公装修补贴15万余元，公司已获南京福图105万投资，目前正在与云鹤集团洽谈下一轮1500万融资；他们推出的 “EL发光薄膜系列产品”被上海迪士尼采用、 “碳系水性导电油墨”产品更是打破了国外长期的垄断。他的事迹获得2017年度武汉大学优秀“党员好故事”奖，还获得了：2017湖北省青年创业大赛（商工组）金奖；2017年第五届“赢在南京”青年大学生创业大赛一等奖（该奖获南京市政府50万元资助和25万元配套资金）；2017年“创响武昌”青年创业大赛一等奖（15万元奖金）；2016年中国青少年新媒体梦创大赛唯一特等奖“梦创之星”。","2017"
"128","Smile服务队","136",\N,\N,\N,"/media/20/2016_136.jpg",\N,"武汉大学Smile服务队由口腔医学生、各院系志愿者及已治愈的唇腭裂同学共同组成，以让全中国不再有未接受治疗的唇腭裂儿童为己任。自2013年成立以来，团队构筑一体化服务链条：以“漫微笑”科普漫画为基础,家长可通过书后二维码关注“志微笑”微信公众平台,即可享受线上专家课堂、语音点评服务；另一方面注册加入唇腭裂家庭数据库，即可享受线下的 “乐微笑” 亲子陪护项目。从而改变患儿成长轨迹，促进唇腭裂家庭的心理康复。通过与微笑列车、嫣然天使基金和飞利浦等知名企业合作，服务队志愿者规模达300人，受益人数600余人。","2017"
"129","何海龙","137",\N,\N,\N,"/media/20/2016_137.jpg",\N,"专注声学研究，2018年8月1日在《Nature》上在线发表了题为《外尔声子晶体中的声表面波拓扑负折射》的研究论文。该论文报道了一类全新的界面波动响应——拓扑正折射和拓扑负折射，为设计各种波动元器件奠定了理论基础。2018年度，他先后获得“武汉大学研究生学术创新奖”特等奖、武汉大学学术之星特别奖、武汉大学优秀研究生标兵。","2018"
"130","孙东泽","138",\N,\N,\N,"/media/20/2016_138.jpg",\N,"总绩点3.96，位列年级第一，多门课程获得满分。积极参加学术竞赛，其中连续两年代表武汉大学参加全国大学生物理学术竞赛。热衷于科普事业，曾经作为主讲人举办面向学校和社会的大型天文学科普讲座。目前在武汉大学天体物理中心从事银河系费米气泡、数值相对论和引力波的研究，已有一项成果发表在《The Astrophysical Journal Letters》（SCI一区，影响因子6.634）上，另有两篇文章在投。","2018"
"131","嘎次","139",\N,\N,\N,"/media/20/2016_139.jpg",\N,"担任湖北高校藏族学生总负责人，带领举办了第13届德吉杯篮球赛、足球赛（有16所高校参赛）、第十三届德吉杯颁奖晚会，获得湖北省民委和各校领导老师的高度评价。担任武汉大学藏族学生总负责人，带领藏族学生建设学风、组织公益、参加第三届武汉大学少数民族文化节，获得老师和同学们的一致赞美。2016-2018年度担任两年的水利水电学院2015级本科党支部书记，带领支部成员认真开展三会一课内容等，期间发展30多名党员，并积极参与校级院级大型党建活动。","2018"
"132","熊朝晖","140",\N,\N,\N,"/media/20/2016_140.jpg",\N,"在硕士三年中先后在《测绘学报》，《Annales Geophysicae》发表EI，SCI论文各一篇，先后获得校一等奖学金，陈永龄院士奖学金。在科研之外，积极参加各类活动，在CCTV《绿水青山看中国》第二季中获得第五期的单场冠军，此外，该生的足迹还遍布国内32个省份、近半的地级政区，曾单独探访过河西走廊（兰州到敦煌），京杭运河（北京到杭州），东南沿海（杭州到广州）等路线的全程，同时还撰写了一本描绘全国各地古迹的以历史地理为主的三十万字游记。","2018"
"133","谢添","141",\N,\N,\N,"/media/20/2016_141.jpg",\N,"成绩优异，连续三年综合排名领先，多次获得三好学生、社会活动积极分子、优秀青年志愿者等荣誉称号。2018年独自前往UC Berkeley、SUNY Buffalo做科研，拿到了高质量的推荐信和研究成果，现有2篇顶级会议论文在审稿。 综合素质全面，在学有余力的情况下担任部长、班长、班助等职位。热心公益，国际义工、志愿讲解、支教等志愿服务时长高达530小时。多才多艺，书画乐舞无一不精，多次代表武汉大学获得国家级文体竞赛第一名。凭着出色的科研背景与社会活动经历，现已收获七所美国一流大学直接攻读博士学位的全额奖学金录取通知书和若干硕士offer。","2018"
"134","蔡洵","142",\N,\N,\N,"/media/20/2016_142.jpg",\N,"从10万人中脱颖而出前往柬埔寨支教；剪去齐腰长发捐给患癌病人，湖北省团委官方认证其为“新樱花女神”；去泰国清迈进行英语基础教学工作，前往尼泊尔保育大象；亲手为孝感观音湖小学、恩施芭蕉乡民族小学搭建了新的多媒体教室；捐出比赛所获8000元奖金给公益基金会；受邀参加CCTV央视春晚、天天向上等节目录制，呼吁更多的青年投身公益事业；著名自媒体平台二更视频为其拍摄个人公益纪录片，累计浏览量高达500万。","2018"
"135","李祎","143",\N,\N,\N,"/media/20/2016_143.jpg",\N,"武汉大学2016级硕博连读生，目前已发表SCI论文20篇（其中一区5篇，二区8篇），申请发明专利4项；连续两年获得研究生国家奖学金，曾获武汉大学学术创新一等奖，中国研究生电子设计竞赛国家三等奖；获评武汉大学研究生十大学术之星，武汉大学优秀研究生等多项荣誉称号。作为主要成员成功研制出国内首台以C6F12O混合气体为绝缘介质的环保型气体开关柜通过行业标准测试，标志着环保型开关柜实现中国制造。","2018"
"136","吴秋实","144",\N,\N,\N,"/media/20/2016_144.jpg",\N,"在2016年以保险学专业第一名成绩保研，同年9月报名入伍，隶属中国人民解放军空军地空导弹兵某旅。2017-2018年自愿报名赴新疆参与军委签发的对印作战任务。服役期间被旅营首长指定为其准备各项文件材料，深得领导信任；给全营官兵教授心理课程，得到好评。在旅政工网发表新闻50余篇，制作视频8部，其中3部上报至中部战区空军空军优秀视频选集，荣获对印作战任务嘉奖、“精武标兵”、优秀义务兵等称号，曾被中国空军网报道。","2018"
"137","水稻分子抗虫育种团队","145",\N,\N,\N,"/media/20/2016_145.jpg",\N,"1.立足专业，知行合一：了解“水稻国情”，走遍16个省份，完成百余次调研。2017年成立武汉禾泰青生物科技有限公司，并于2018年制定湖北省《水稻抗褐飞虱抗性鉴定技术规程》。 2.科技下乡，惠及农民：团队成立以来已累计服务904万亩农田，帮助425万农民摆脱稻飞虱侵袭的噩梦。2018年团队走访湖北蕲春、麻城，贵州水城县三个贫困县，完成10项免费抗虫鉴定并举办3场防虫治虫科普座谈。 3.牢记总书记嘱托，与时代同心同向：2013年7月，习总书记来到武汉大学杂交水稻鄂州研究基地视察时提出“粮食安全靠自己”，团队以此为使命，勇担社会责任。团队项目“水稻抗虫分子育种服务”得到袁隆平院士推荐。袁隆平院士对该项目这样评价道：“禾泰青通过‘产学研用’紧密结合，给农民带来实实在在的收益。”","2018"
"138","清泉计划","146",\N,\N,\N,"/media/20/2016_146.jpg",\N,"“清泉计划”于2013年1月成立，秉持“一杯干净水，不是一件奢侈的事”的团队理念，通过调研了解中国边远农村学生饮水现状，进而改善农村学校水质糟糕、热水稀少、饮水工具匮乏的局面，帮助当地居民树立保护水源、卫生饮水和健康生活的意识。截至2019年，团队水样采集地覆盖湖北、贵州、云南、广西等4个省份近10几个县市50多个乡镇的百余所学校，共捐赠校园净水设备29台，优质水杯3000个，建立“饮水安全示范工程试点学校”25所，基本解决了逾10000名孩子的饮水安全问题。","2018"
"142","SIGMA AI抗疫先锋队","147","计算机学院","硕士",\N,"/media/20/2020_147.jpg",\N,"科技强国的战场，AI的号角已然吹响；人人自危的时刻，逆行的车头从未调转。手无寸铁，书生意气，那又如何？一片赤诚，一肩担当，身作华夏人，自怀天下心。  倘若无法成为柳叶刀，利刃出鞘，隔断死亡的锁链，那就化为CT机，皮囊之下，寻找活着的光亮。他们虽在象牙塔中，却始终在用心去倾听这遭烟火人间。","2019"
"143","武汉大学“与逆行者同行·为奉献者奉献”关爱一线医务人员子女志愿服务队","148",\N,"本科",\N,"/media/20/2020_148.jpg",\N,"向前走，一线的战士保护了年轻的他们；向后退，满心的忧虑牵绊着勇敢的他们。前后两难之际，为与不为之间，他们找到了那条与逆行者同行的道路。  将知识变为力量，伏案备课，安定后方；将责任变为行动，循循善诱，慰藉人心。云端之上，五湖四海，他们相距千里，却自始至终，勠力同心，同舟共济。","2019"
"144","崔磊","149","新闻与传播学院","本科","2016","/media/20/2020_149.jpg",\N,"赛场之上，唇枪舌战，用头脑与口才扬起煌煌武大的幡旗；赛场之下，投身公益，用温柔与热情传递雪中送炭的爱心。  他是追梦人，也是逆行者。敢拼、敢闯、敢试、敢行，青春年少当如此。勇气是燃烧在他胸腔中的一把火，焚尽胆怯，烧却犹疑。天高海阔，所向披靡。磊磊光明，前途可期。","2019"
"145","吴冲","150","测绘学院","硕士","2019","/media/20/2020_150.jpg",\N,"前浪奔腾，开天辟地；后浪翻涌，独立潮头。寻别人不曾见之路，是他的眼界；行别人不敢进之道，是他的胆魄。  根紧紧扎实在土里，危难时刻，心系家国；枝轻轻摇曳在风中，任尔东西，始终如一。牛刀小试，锋芒毕露，不忘初心，方得始终。向前跑，向前冲，这片崭新的天地，正是他的世界。","2019"
"146","王本善","151","电子信息学院","本科","2016","/media/20/2020_151.jpg",\N,"在科研中寻找梦想，在实践中收获成长，在公益中奉献热心，在答赠中回感温情，一场人生，被他品出了千种滋味。  求学之路，道阻且长，一行行脚印，一滴滴汗水，一盏盏夜灯，一个个黑晚，都无比清晰地记录着他逐渐沉淀的过去。铅华散尽，征程再起，但一木永远是他的校园，珞珈永远是你的港湾。","2019"
"147","邓力源","152","水利水电学院","本科","2016","/media/20/2020_152.jpg",\N,"自强之星，青年榜样，在科研领域追求卓越成果，学习竞赛中当仁不让；不忘初心，勇敢创业，为贫困地区提供优质教育，公益事业里温暖发光。  “叛逆”和“温暖”是他生命中最明亮的底色，扬帆起航，星辰大海待征服；振翅高飞，广阔天地任翱翔。","2019"
"148","郑迪威","153","化学与分子科学学院","博士","2018","/media/20/2020_153.jpg",\N,"对科研抱有浓厚兴趣，沉浸于实验室的日日夜夜；对生活充满无限热爱，立志要让世界变得更加美好。不断创新，迎接挑战，走出艰难困局；满腔热情，披荆斩棘，永葆家国情怀。  沉醉科研使他发现生活之美，热爱生活让他保持科研兴趣；他的科研之路与生活之道，熠熠生辉。","2019"
"149","谢天","154","基础医学院","本科","2016","/media/20/2020_154.jpg",\N,"认真学习，潜精研思，科研的探索为他带来快乐；多篇SCI论文，国家级大创项目负责人，荣誉与奖项是他的勋章。  抛去傍身光环，目标坚定，为人类减轻疾苦是医者仁心的理想；沉醉科研之路，敢于质疑，不断开拓创新使他对未来充满期待与想象。他坚韧而朴实，眼神里闪着崇高理想的光芒。","2019"
"150","董靓","155","遥感信息工程学院","本科","2016","/media/20/2020_155.jpg",\N,"恬静淡雅，琴技精湛，对古筝的热爱让她在艺术山岭登峰造极；不甘人后，追求卓越，对科研的投入使她在学术道路前进开拓。  律己助人，乐意与同学扶持共进，尽心为后辈指点迷津；学艺双馨，不被刻板印象所束缚，勇于开拓不断进取。心有沟壑，高山可期，前路坦荡，自有拿云心志。","2019"
"151","屈文鑫","156","哲学学院","本科","2016","/media/20/2020_156.jpg",\N,"修习双学位，她在交叉融合中探索学科魅力；建立创新项目，她在团队合作中发挥关键作用；投身志愿工作，她在关怀社会中思考人生意义。  她爱好广泛，始终向前，似乎拥有无穷无尽的力量，在不同的环境中探索无限可能。她永葆对未知的好奇，对未来的向往，不断寻求更灿烂的彼岸世界。","2019"
"152","陈元博","157","水利水电学院","本科","2017","/media/20/2024_157.jpg",\N,"上善若水，她在水利水电学院求学的四年也充满了水的精神。XXX身段柔美，行云流水，以一舞名动金秋；XXX静水流深，厚积薄发，于科研学业上开辟新的天地；XXX至纯至善，荡涤万物，在志愿服务中传递热情与能量。XXX诸多竞赛大奖与荣誉称号的背后，是一名青年学子勤学奋进、砥砺前行的一千五百个日夜。东湖之水流向了水木清华，但珞珈山永远是这位水利未来之星的家。","2020"
"153","金行","158","经济与管理学院","本科","2017","/media/20/2024_158.jpg",\N,"“创新”是他的青春底色。从核心刊物，到中国青年经济论坛，从科研项目，再到新型发明专利授权——他的身上闪耀着无限的可能。XXX“热情”是他的代名词。在定向越野中挥洒汗水，在志愿服务中贡献力量，他的这份热忱也被传递给了更多的人。面对未来，他欲穿花寻路，直入白云深处，展浩气于虹霓。","2020"
"154","雷舒婷","159","动力与机械学院","本科","2017","/media/20/2024_159.jpg",\N,"漫漫科研路，见证了她的毅力与拼搏。身后，是无数个艰难与喜悦交织的日夜；身前，是又一方等待她探寻的星辰大海。一项项荣誉背后，是清晨6点半的曙光，是图书馆闭馆时的铃声，是日复一日的沉潜与扎根。XXX上千分钟的志愿时长数字，记录下了她给医务人员子女带去的知识和鼓励，在社区抗疫工作中贡献的点点力量，和每一年樱花节中忙碌奔波的身影。她已乘理想之马，挥鞭启程，迎明媚春光，行走在路上。","2020"
"155","梁文焕","160","历史学院","本科","2018","/media/20/2024_160.jpg",\N,"投身抗疫行动，她在危急时刻奉献青年力量，用责任与担当浇灌脚下的土地；积极参与竞赛，她在思维的碰撞中迸发生命热情，用青春与热血开拓美好的未来。XXX她有着历史般的沉静与理性，也有着少年身上的意气与活力。在书页里徜徉，在实践中奉献，她始终向前，从未止步。","2020"
"156","王君领","161","信息管理学院","本科","2017","/media/20/2024_161.jpg",\N,"你成绩优异，拔得专业头筹；你获奖无数，引来敬佩目光。人们看到你顶尖的poster论文，记录着你对科研的专注，看到你进入苏黎世联邦理工大学，在爱因斯坦曾进行思考的角落继续自己的探索。在他人看不到的角落，你用勤奋摘得成功路上最艳丽的花，你积极参与社会活动，做出自己的贡献。XXX乘风破浪，得济沧海；穿云破空，得震凌霄！","2020"
"157","周章娴","162","生命科学学院","本科","2018","/media/20/2024_162.jpg",\N,"象牙塔中，焚膏继晷，漫漫求索，她与“创造”形影不离；稻田地里，俯首躬行，脚踏实地，她将“实践”身体力行。XXX病毒细菌基因，是她手中的穿针线，一点点织出梦想的色彩；敢想敢做敢闯，是她心中的座右铭，一步步走出珞珈青年的足迹。喜看稻菽千重浪，她接过了前辈的火，粲然出理想的光。","2020"
"158","周真伊","163","法学院","本科","2017","/media/20/2024_163.jpg",\N,"专业基础扎实，实习经验丰富，她在理论与实践中丈量法律的边界。能言善辩，视野宏大，她在国际法模拟法庭上彰显武大学子的学术自信。网球场上挥洒汗水，法学会中扎实工作，她以热忱之心待以生活的各个面向。XXX法以明志，言以抒怀，全面发展的她在国际法的道路上坚定前行，用奋斗书写无悔的青春。","2020"
"159","陈警","164","测绘遥感信息工程国家重点实验室","硕士","2016","/media/20/2024_164.jpg",\N,"珞珈少年，风华正盛。在创业领域，他从未止步，频获硕果；在竞赛方面，他不曾畏难，追求卓越。他是珞珈山上冉冉升起的新星，为身后学子树立良好榜样。XXX“实践是检验真理的唯一标准”，是对他精彩经历的绝佳概括；“激情似凤凰”，则是他昂扬向上精神的真实写照。敢闯敢拼，他用魄力征服前路。","2020"
"160","赵东","165","第一临床学院","博士","2018","/media/20/2024_165.jpg",\N,"践行使命担当，你留守一线，一百二十天的奋斗，你救治了无数患者；开展志愿服务，你耐心细致，接受二百多次咨询，解答无数困惑；汇聚科研攻关，你跟随导师，发现连花清瘟胶囊对新冠的功效，推动我国中成药走向世界；绽放最美青春，你坚守党职，坚守初心使命，发出红色号召。XXX不断对自己发起挑战，是你不断前进的原因所在；发出青年的声音，你向青年学子诠释新思想，解读使命与担当。","2020"
"161","WHU-China iGEM 团队","166",\N,\N,\N,"/media/20/2014_166.jpg",\N,"倘若梦想的光亮潜藏于基因的密码中，纵十年求索，亦难消热忱；假使生命的画布静置于科学的绘笔下，任迷雾重重，亦笔走春风。XXX聚焦疾病和细菌的温床，他们以慧眼觅病菌踪迹；超越数学和物理的维度，他们以匠心铸生命方舟。","2020"
"162","付玉璋","167","马克思主义学院","博士","2020","/media/20/2024_167.jpg",\N,"付玉璋以“姓马”“信马”“行马”为座右铭，爱想，努力学习、增强实践；乐为，以支教服务助力乡村振兴；敢拼，积极进取，顺利完成多项科研项目。她说，“对青春最好的致敬，就是成为最好的自己”。","2021"
"163","勒黑波妮","168","新闻与传播学院","本科","2018","/media/20/2024_168.jpg",\N,"波妮同学从7岁就来到中国生活，并从中感受到中法两种截然不同的文化。她也希望未来能向世界传递在中国的所见所闻，传递中国声音，了解中国故事。","2021"
"164","余博林","169","经济与管理学院","博士","2019","/media/20/2024_169.jpg",\N,"作为能源与环境管理领域的研究者，他始终把握前沿问题，不忘初心，始终前行。同时，他也分享了自己的三点学习心得：做好时间管理，坚持不懈完成小目标；将高质量作为学术研究的标准，反复检查；勤于思考，事无巨细。","2021"
"165","蔡珠婷","170","法学院","本科","2018","/media/20/2024_170.jpg",\N,"她认为，自己是一个平凡的人，但正因为平凡，她才能不断向前、真实诚恳、努力微笑。她以“无用之用方为大用”作为自己风采展示的主题，讲述了自己热情参与社团组织和竞赛活动、兼顾学习与工作、参与乡村法律援助的经历。","2021"
"166","党利奎","171","文学院","博士","2021","/media/20/2014_171.jpg",\N,"他以“光阴的故事——那些可爱的生活和青春”为主题，介绍了自己成长的经历、在大学的文学创作和产品设计，以及出入社会后，共享生活阳光、坚持写作、重走长征路、学习写歌的经历。","2021"
"167","毛丽然","172","生命科学学院","本科","2019","/media/20/2014_172.jpg",\N,"在哈佛访学的毛丽然通过视频分享了自己的心得。她认为，获得这项成就，是荣誉，也是激励；她也会在今后的科研上、学习上保持谦逊、不断进步，并鼓励广大珞珈少年砥砺前行，做属于自己的风云学子。","2021"
"168","张家谦","173","化学与分子科学学院","博士","2019","/media/20/2014_173.jpg",\N,"她以“当科幻电影照进科研世界”为主题，通过以《终结者》中的液态机器人T-1000为例，向大家介绍了液态金属可控运动、自我修复、感知能力等特性；并介绍了它在科研领域的广泛运用。","2021"
"169","洪子茜","174","第二临床学院","本科","2018","/media/20/2014_174.jpg",\N,"她对英语的兴趣促使她能够站上国际舞台，并对医学知识的入门更为顺畅；同时，法语的学习也让她在今后的研究道路上走得更远。她说道：“既然我们已经做出了选择，那么就一定是唯一且最正确的选择”。","2021"
"170","郑梓阳","175","信息管理学院","本科","2018","/media/20/2014_175.jpg",\N,"他向大家介绍了自己和创业团队开发的闲置物品交易平台“闲置玩珈”，讲述了自己不随波逐流、创新创业的经历，为大家提供了探索社会价值和公益事业的榜样。XXX他幽默地说道：“学生时代是创业者的黄金时代。如果创业失败，就回来继续读书；如果创业成功，那就可以和比尔盖茨一样不用读书了，顺便给母校捐个食堂。”","2021"
"171","习胜","176","政治与公共管理学院","本科","2018","/media/20/2014_176.jpg",\N,"他在经历膝盖手术重大打击后仍坚持下来，并在兼顾运动和学业受到质疑时坚持自我。他也勉励大家热爱学习、热爱运动、保持前进，做到身心健康、体魄强健。","2021"